{
  "time": [
    0,
    0.5,
    1,
    1.5,
    2,
    2.5,
    3,
    3.5,
    4,
    4.5,
    5,
    5.5,
    6,
    6.5,
    7,
    7.5,
    8,
    8.5,
    9,
    9.5,
    10,
    10.5,
    11,
    11.5,
    12,
    12.5,
    13,
    13.5,
    14,
    14.5,
    15,
    15.5,
    16,
    16.5,
    17,
    17.5,
    18,
    18.5,
    19,
    19.5,
    20,
    20.5,
    21,
    21.5,
    22,
    22.5,
    23,
    23.5,
    24,
    24.5,
    25,
    25.5,
    26,
    26.5,
    27,
    27.5,
    28,
    28.5,
    29,
    29.5
  ],
  "rain_global": [
    26.629865386354687,
    30.377928856004395,
    36.6127366384162,
    43.79605225572537,
    50.03950133172281,
    53.706148422866896,
    53.89893906454994,
    50.72189219831297,
    45.24858889963316,
    39.15408777905458,
    34.008893946953876,
    30.60741803876408,
    29.10045182396219,
    0,
    0,
    0,
    0,
    0,
    0,
    0,
    0,
    0,
    0,
    0,
    0,
    71.46023780289337,
    86.38657340721997,
    98.88714185710428,
    100,
    100,
    100,
    92.21019004664873,
    76.44740304188318,
    59.17103737560985,
    43.41604931608651,
    31.4113079721562,
    23.886837243767303,
    20.1007755307663,
    19.06813922356148,
    20.394232097688455,
    23.176797460440454,
    26.24949843004648,
    28.666454721574794,
    29.92515170109569,
    29.905361536053114,
    28.797230410542404,
    27.18790783846608,
    25.79344225390698,
    25.313039174555,
    26.334502133874647,
    29.09095976343959,
    32.900066109019264,
    35.69895907381846,
    35.52161809098863,
    31.72901918538572,
    25.171246829931896,
    17.772704372424993,
    11.910254579045871,
    9.795694465859732,
    12.915541378649241
  ],
  "rain_s1": [
    23.284362463562548,
    33.9208683941677,
    44.74277526627015,
    53.3172576145393,
    57.96185408062648,
    58.05805258034399,
    53.67385438880612,
    45.590309501477996,
    35.42350786053031,
    25.498823225168763,
    18.091672841347645,
    14.454066372621849,
    14.741188509616554,
    0,
    0,
    0,
    0,
    0,
    0,
    0,
    0,
    0,
    0,
    0,
    0,
    55.71383244370876,
    70.76276664960841,
    86.76198527983834,
    93.90224602356598,
    100,
    100,
    100,
    92.94386719226885,
    74.41665368909145,
    53.026162367627094,
    32.03395931545015,
    14.240968685287186,
    0,
    0,
    0,
    0,
    8.060862097747005,
    17.906121592565157,
    27.210646977945608,
    34.48963645803078,
    38.70788329754751,
    39.78833235097098,
    38.71070970600616,
    36.92637128198541,
    35.8841855926423,
    36.55412093773398,
    38.68057382534659,
    40.17683459337221,
    38.60436021714288,
    32.742606619661764,
    23.40666355426258,
    12.671487680096877,
    0,
    0,
    0
  ],
  "rain_s2": [
    54.243311760558846,
    54.02832714461313,
    54.82027449268855,
    56.3610174443131,
    58.00111154059255,
    58.90799937021622,
    58.24628174641872,
    55.41396967505898,
    50.47215286897245,
    44.64363390928316,
    39.4520519730434,
    35.69777232144523,
    33.58541263445063,
    0,
    0,
    0,
    0,
    0,
    0,
    0,
    0,
    0,
    0,
    0,
    0,
    78.60043057370828,
    88.987970802054,
    97.80296467144375,
    95.82816066681617,
    93.04486544400467,
    90.27000234894892,
    79.52980311032064,
    60.774987600255756,
    41.01114080159914,
    24.0072486762673,
    12.258772639949111,
    5.9604093131912315,
    0,
    0,
    6.311030516829355,
    10.25834049011968,
    15.209997015140054,
    20.98344566738636,
    27.586800114181525,
    34.574347637554204,
    41.217951724286394,
    46.86527601262178,
    50.96725769360353,
    53.409651436423644,
    55.031501874755996,
    56.91128695925369,
    59.18225673273095,
    60.32728222891137,
    58.5906516236329,
    53.19049592450691,
    44.4739693129997,
    33.593152350070895,
    22.26745602208578,
    12.972171284322117,
    8.362856585815999
  ],
  "rain_s3": [
    18.22320422639293,
    22.731578146300976,
    30.106203998346157,
    39.07155147088357,
    48.19053450383206,
    55.91412903325357,
    60.889842243344496,
    62.34310756562943,
    60.27447055725197,
    55.35465614931047,
    48.566141736920876,
    40.90926726624626,
    33.3330323344331,
    0,
    0,
    0,
    0,
    0,
    0,
    0,
    0,
    0,
    0,
    0,
    0,
    78.85198100546441,
    93.89394472019592,
    100,
    100,
    100,
    100,
    91.73141031079697,
    70.39472326259104,
    46.39422347760941,
    23.934441001984364,
    6.533571017981878,
    0,
    0,
    0,
    0,
    7.17847394201066,
    14.151429108169252,
    18.120955179589743,
    18.432534123739277,
    15.666120282165833,
    11.255567959190536,
    7.282730975767571,
    5.663811837750547,
    7.567247515091989,
    13.149304995562131,
    21.49894953202274,
    30.684531035502296,
    37.78219013073525,
    40.4405783369082,
    38.10620684278992,
    32.09340347218452,
    24.978541431472575,
    19.715442962726627,
    18.759247297867798,
    23.38461041306127
  ],
  "wet_s1": [
    25.031371266013267,
    36.46592651049443,
    48.09979319444273,
    57.31761272500863,
    62.31068989022526,
    62.414106093500344,
    57.70096469622553,
    49.01091730769012,
    38.08130792453773,
    27.411981410032755,
    19.44907791328609,
    15.538544473480005,
    15.847209175854939,
    4.873004565560767,
    0,
    0,
    0,
    0,
    0,
    0,
    0,
    0,
    0,
    0,
    0,
    22.82680598283934,
    57.00293062300936,
    93.27167401360434,
    100,
    100,
    100,
    100,
    99.91737803555696,
    80.00008116095009,
    57.004676813165055,
    34.43744401420522,
    15.309458221453562,
    0.41593590472945596,
    0,
    0,
    0,
    1.1973271458995294,
    8.28327848264157,
    20.608902937126885,
    37.07736882904997,
    41.61210766490449,
    42.773622025994605,
    41.61514613673676,
    39.69693009686144,
    38.57654997226506,
    39.296750079674354,
    41.58274918284127,
    43.19127330944469,
    41.50081732297373,
    35.19926061090779,
    25.162848518712003,
    13.622220196476372,
    1.9605931049006546,
    0,
    0
  ],
  "wet_s2": [
    59.52499261133732,
    59.289074905349736,
    60.15813430664231,
    61.848899671711834,
    63.64869001994639,
    64.64388167778526,
    63.9177324920348,
    60.80963769382455,
    55.38663531212313,
    48.990592431444675,
    43.293505244734156,
    39.17367072008837,
    36.85563019712261,
    5.330299487348981,
    0,
    0,
    0,
    0,
    0,
    0,
    0,
    0,
    0,
    0,
    0,
    33.58933648214175,
    78.94337314539425,
    100,
    100,
    100,
    99.05960842814196,
    87.27363409188303,
    66.69265888167574,
    45.004402828013326,
    26.344838721894178,
    13.452411497994367,
    6.540775421205567,
    0,
    0,
    1.4244764657477422,
    5.878554574216256,
    12.761917970299358,
    22.548158746075053,
    30.27293171581559,
    37.940857976220634,
    45.23135096678559,
    51.42855621894378,
    55.92994858101228,
    58.610158634135445,
    60.389928936225,
    62.452749026553384,
    64.94484352814861,
    66.20136035921517,
    64.29563372504259,
    58.36966391129917,
    48.8044075634418,
    36.86412353022041,
    24.435642149558145,
    14.235273894425667,
    9.177149409272026
  ],